name,url
Alison Steves,https://unsplash.com/photos/Fff5ve-rGVA
Arnaldo Aldana,https://unsplash.com/photos/HfH5yd70ox8
Brigitte Tohm,https://unsplash.com/photos/J91jD9u6Nk4
Clemens Vogelsang,https://www.flickr.com/photos/vauvau/7837603584/in/photolist-cWzLuh-qpDHK-9WEJT1-gZU5Zj-9fagUg-b8ooCk-8tM7wo-fkaMJL-p4g3uN-f2a3pq-7eX1Vm-artUdt-5uMHrd-5eXE8E-cuZZCW-4f2mZX-5N8kpp-anZjWr-dkGNmy-4Hvo42-5QofbH-r1agxg-6ZZcu7-8AAMT5-7s6cMA-8nqHPA-cWzNXJ-f3Ntqr-L1HKm9-d8tqMb-8bwU9M-dFNV3q-cQekXW-fcnzgy-aF4JoP-fGXEBn-8yd9cW-91ThXX-8AxHVg-6Xu4bW-aqaNB9-nJ2bhi-pd2pxK-8qew8H-d4B4cW-oVMcmT-AqUvgP-wK4YLa-mVoFd-g7Sk3j/
Damien Creatz,https://unsplash.com/photos/4xe0CA91Vf0
Damien Kühn,https://unsplash.com/photos/fd05H8aHoXY
Dan Gold,https://unsplash.com/photos/4LiUI-Y2mI8
Denisen Family,https://www.flickr.com/photos/denisenfamily/2589579387/in/photolist-4WQgJt-EMxWxB-a173DB-5Jt9Wv-dbEXRT-gHWWq-ag7TPZ-9PqBKD-dSX5J4-dbEYRv-dbEZqX-8wvdWA-8AxAKi-o1gQpo-6MtH15-9uMuyN-dbF3eN-riZLwj-afwKC1-aVdDVi-bCazWg-7F4n4P-8idt3w-xMpWaz-TBMHHS-8AxAv2-ohDaLz-5ShWd5-5UEKH-8tTERE-cuX2jd-8yz9xx-fKBSKJ-2NRh6-a5n5GD-p3aqRg-5mrgYK-9mBac3-8yCdNG-5mrg9B-f1JgmT-cLuY23-oZisGv-2Z571i-8wsdGT-kseET-6QcGZ1-RQXW2h-8yzaai-6w7N2T
Eric Rothermel,https://unsplash.com/photos/FoKO4DpXamQ
Gabby Orcutt,https://unsplash.com/photos/Nu4u9g7Sgdw
Greg Hirson,https://www.flickr.com/photos/ghirson/44071357/in/photolist-7f34zj-7f3E5h-7f3r5W-UduJdU-7eYwZH-7f3BWo-qfB7ne-5x6pj-9UVnmz-akV5v3-pFC1Zx-3k61mf-n3G2v8-4vvFJL-YG5YCK-TGh5d4-g3VT1e-aTw8ue-VWvcsY-8FQ5at-puEHg5-DxLsj9-9v5eTj-4TSSZ-nQqEg9-8Ej6yj-pQRUaz-7ANnyd-pZjo8F-ecAKWb-bCsBKz-UB13XZ-e1J35N-rjQJ7-8muq3J-4yDtoY-d3H7T-2jK6H-gJE8kC-3KhK98-5rJNwD-9SRTLd-8hcwLL-dujM3-5bPxaN-ahLPD-6emi9g-qCLqbp-q1W4X-5L83c1
Harshal Hirve,https://unsplash.com/photos/2GiRcLP_jkI
Ian Baldwin,https://unsplash.com/photos/f7FwHomDgzg
Ian Turk,https://www.flickr.com/photos/ianturk/269291890/in/photolist-pNc6C-5h9yzc-7hoGxg-21tR7Q-orP1FE-52efNm-dhhBRZ-9Gprwx-8MakRR-6GaV4d-62wyqU-5hkKp8-bzSEPQ-8A6rL-5GDKjg-4szKu-5oMXiw-RBANbx-R36BQy-Qk1ymE-R36omj-RBARft-RxYJNS-Qk1vkj-R36kPW-6q4ey-RxYzWy-DwWosb-Tty1Jp-8oESEX-HS8U78-op97wS-R7FCf4-RqLx3t-VTL1tG-6q4ei-hiwYQ7-eR3Lan-eR3M2z-hiwJPc-R36AAQ-RqLf7p-Qk1Bmh-Qk1AEC-pKhpec-kZhF4D-7CEGMh-5EUVSY-8VGSZU-kZha26
Igor Ovsyannykov,https://unsplash.com/photos/zIAOSvHzvBw
Irina Block,https://unsplash.com/photos/WnzJg5-H2wE
Jeremy Brooks,https://www.flickr.com/photos/jeremybrooks/3253300679/in/photolist-9aJ8eW-Nk4FB-kZMm48-9f5uUz-mT7M-fLcvnE-7rgYx8-5zHu2N-biApo-7rgXPD-6dyrMX-7rh1na-7rgZTD-5ZfuSr-7rkVBU-ChzdG3-iLmTj-5SkJdo-aTWFU-XkCtsn-nb1P3j-ofTB-4kB31F-5xmaLt-g3pM7R-kyLddP-2BXiEG-5Xu1X2-5E3Pk9-XiD4CE-auVgE1-q6QEki-cYGzxA-5E3SYu-5REZ5y-fQ3Nef-7LFmAK-5SkJV9-5NLXb7-95SaET-5SkMdj-5SkKEq-rLP5QM-5SgrRi-5UwLU3-9t5Fvj-61eRHi-iZ151R-c5qe2-7ngnj1
Jessica Ruscello,https://unsplash.com/photos/8walmVeW47A
Joan Brunés,https://www.flickr.com/photos/joanbrunes/6314636614/in/photolist-aC1at5-as8Efj-auZWKw-7ubcf1-7ihTEx-pqyf8i-pqQryg-cBMYSq-crzkNb-9e3tGC-auZWFA-haAHuZ-bsq3PC-VCfFwZ-Vxzd9j-WAJWd1-p4jtUi-FCkMvp-TxfP3t-awePRe-k3yLwR-oSLnnK-eGDzWi-7zdKRh-bspZkh-pCFUpT-aB2Piy-834SQt-ii4E6F-as8Pp3-uxM69-a1KJzw-T2n2ry-VTYhx7-aweFQr-f5VeHT-7nJ5ha-VVRChS-TJVZmc-eGKGuE-ENXj8M-ENXj7V-Fj6md5-VxzdxA-ENLecN-8LS4aH-3aeV2K-bavXtx-5yc6AG-buJirZ
John Loo,https://www.flickr.com/photos/johnloo/4213423771/in/photolist-9etKHu-eb1fuJ-8XGXpK-7qjU6r-8oUMq8-5i2uU-pAcqFv-4WGLKC-bUMwNp-7nRb2u-FA2h5-4mzoEz-3QQJtu-6hWYVG-eb17XU-a8tAsf-7tg7tN-7tc9jH-4mDs43-7PzzAa-gyXXMV-eaUx2k-eb1gKC-eb1dpG-JJzVb
John Sheldon,https://www.flickr.com/photos/18909153@N08/8735093448/in/photolist-eiTCXs-66rTfu-9d9eK5-rF5Ef-9CnKme-5NCGv7-8WWNGq-2mSSP3-8WWN97-bAtss-g6Eod-LtNjJ-aVgGZe-uhXRY-XmToFe-92TJ9c-92TWq6-5hdTnu-g6DDZ-akov4c-WZyStH-8WmZmm-9CTzdV-bZZrDh-g6DiF-g6Dwo-g6Dui-g6DD9-g6Dth-SDyGpG-g6DC4-g6Dzf-bTt8qF-Erjmy-g6Dsd-dSANPM-g6Djv-g6Dxd-g6DAE-g6Dpw-g6Dvm-g6Dkq-g6Dra-g6Doq-g6DG3-g6Dny-7Ny39y-cZ6Tcw-apoLPT-9vECcX
Kai Pilger,https://unsplash.com/photos/qHfJPxOnXi4
Keenan Loo,https://unsplash.com/photos/dqlxphCcA2g
Liz West,https://www.flickr.com/photos/calliope/2723069073/in/photolist-59CryM-as75bP-3crhi-ovodvU-58xGqx-pgzjT-5LAxeB-dcdjaT-rXP5K-6AYkJK-pKipQ-6AYkCB-8hL4sK-nAXgVY-Wwve6d-hndzn-6D73bp-dv6f68-583XBm-ohQ34y-g4rWd-2h7tYb-6AzKcL-g4rVV-7oNtcY-21vJEz-8178av-VSQ4KZ-oLW6i7-NP4waK-41Stx-6W5zxp-2h7u2q-Y5BAoZ-nTYtmG-Vh2EJN-NWRBKH-NP4w4n-yKvWHK-6C8sq3-4HxQpZ-dWBqNV-YpDsWA-a5hYXz-nTpJfb-adoPBk-9RNCXP-rn8bL8-hQyWww-bDf4Nf
Lola Moreno Grellman,https://www.flickr.com/photos/photololation/5232817058/in/photolist-8YpycL-gsbPs3-e1nGNc-918GrV-9gfawC-6unNxa-24QBRm-6usGBU-ebbgva-bdarwz-7hfood-7rTsBr-76bVPu-62XGkt-gucW4-7hfo2Q-632V3f-a1Aoid-6wrE7Q-CPwvx-b1t87a-6wnMAx-6unNwK-egJQFB-N1tzK-aEUVC4-JbeVT-Dn8KAT-B9mfFW-bDSGpi-6wrE81-5P4xc9-zTNfvf-9dBZS4-BFrMaV-ehEvBp-dUFL59-8zbKoU-928gq8-yof3GA-omdJGu-nB1yT6-zjd5t2-6ZH1w8-ofaKxL-b2KrTe-9iUHXc-9ZkY3m-e1tn1q-ixH6v
Lotte Löhr,https://unsplash.com/photos/FY7wWMvqdQ0
Ludovic Sarrazin,https://www.flickr.com/photos/122976622@N04/13798014063/in/photolist-n2hqSc-brDZzB-4WxxQA-7sT79L-7sT79C-7sT79o-7sT7a9-93Q7B-3JRoGq-3JRpAb-3JM64t-3JM5KX-3JM8L6-ESREN-ESNL4-8HLUAn-ESNL8-ESADZ-ESLNA-ESLNC-ESADx-9KurHG-ESREG-ESNLc-ESLNw-6GWN1V-oQ9ZeT-4i5g6X-9yUGfd-4WxCQ7-2jeJhJ-ESNKV-ESLNY-ESLNq-ET8mv-ESLNf-d6t2fs-7KbmE5-2x1t1-dQ2JYt-7K7rSB-pBiFah-7znDto-puvxNN-9E9Chm-dQ8kZN-jSg1k-4uQkyB-5qnypS-drunqo
Mathyas Kurmann,https://unsplash.com/photos/fb7yNPbT0l8
Mike Wright,https://www.flickr.com/photos/michael-wright/6010311151/in/photolist-aa7q7k-4TEbDs-aexwyG-8LRFzc-7PvJpS-8doAV4-6HdbAW-aexxML-gG31B-ahrasZ-ctk6P1-9BNFTz-9mnnwQ-gG2WL-6511gY-ctk9S9-5rHAAt-nJpsa5-oY5Bh2-6e1AqT-9YTxdq-dzzhS3-3g5KS-aexwUC-byKQ2B-bwCgos-ata9yT-8KFBYG-act1Ch-arwhfo-bwCe5E-awpGmz-aqj8Zb-5W2tSN-87Cqhf-k9DgCp-gzXgm6-o52JNi-7Q86EY-djGxpx-5foUh-awvMvN-mKVteQ-6qoi2R-74Z5Uc-8jKH4A-aqj9zu-4LGJ5u-daxH5e-FRk6bm
Niall Kennedy,https://www.flickr.com/photos/niallkennedy/3412080899/in/photolist-6cvNM2-e4xsu9-6BBoX-5c1eYT-9kz7zM-7EE6MT-7Tgccv-9UEQ1K-6BBxK-UUm7Xc-71Ejwp-87ktJm-82wsZc-77zRh4-9yiaLK-6ipxHy-8qahSd-73hamp-9kC9GL-8qah3N-7PUj66-71Jkh1-6BBsA-QDV4-bkf943-JMnKM-cS69U5-9EPFhD-5s7fFg-4Q4mQi-7wccdH-6egkz3-4v8nMM-4WmD4F-LKJqx-63sHTx-faWppm-63sHBt-iQfvkX-ei7JjN-6BBCY-cXEEu-2YDY-6eca8p-7UeAq1-7ZXMdA-4Pf3DS-8q4XQ-8ceReP-9rmr3E/lightbox/
Nicolas Barbier Garreau,https://unsplash.com/photos/CddQdMCMgU8
Nur Afni,https://unsplash.com/photos/NIBKggQ-bVM
Pamsai,https://www.flickr.com/photos/pamsai/7419939588/in/photolist-ciF8wU-q5c89-8b2dYm-dp6Yfu-9yFBcJ-5WdL97-axm9tx-7jvsD4-6VQNdJ-iwZSZw-7kUeji-fyP3bJ-6oU5XA-dwrT5p-5ZiZ9c-bBTnNY-MX2N2-3QimD5-4U9MiE-fEgUcX-6pYhe2-7GHoTL-5iRvnz-ejbMEJ-6kJmKb-4h4U8r-7Ctux3-9r7BSD-qwHprD-8ej2Ay-qsNf1R-4esTgY-8QnKa9-8HAig5-62txzr-84B2SH-zkJsJi-anaf6o-dfzs3r-ehCUdC-pwDSY5-5gWvyd-isxz1D-5mNXLL-6AcYH6-bSWyhR-bTPGcM-54bL8-bSWykv-gDq1sr
Peter Hershey,https://unsplash.com/photos/DrQE37u-1-0
Rodion Kutsaev,https://unsplash.com/photos/9kwIYpjZUq0
Sonja Langford,https://unsplash.com/photos/H5k8PoC1BBc
Thomas Schaefer,https://unsplash.com/photos/ApoYbda6_3Y
Tim Mossholder,https://unsplash.com/photos/S3gNA0HQZo8
Tyler Shaw,https://unsplash.com/photos/BP1Q3Ib_Pyo
USGS/ESA,http://www.esa.int/spaceinimages/Images/2011/11/Mar_de_plastico_Spain
Vadim L,https://unsplash.com/photos/mRVsExtioQA
Vicent Tcheng Chang,https://www.flickr.com/photos/le-topographe/14126177780/in/photolist-nwhmvj-eYU8SX-dKx132-dpTME3-8sPBUW-7vciZn-eZ6vq1-7vqfJB-eYU94M-o2wJZh-4GAF4u-bgW81z-4Gww5x-3KwsP2-dQsLAu-5ZTxMN-7nBPrF-7qvAh6-96muXr-dKwZYF-gByzEY-9UptzW-a4C7g9-8zggn3-4jxTVZ-q6XSW-4iTGSQ-8UEpY8-8UHpk1-8UHj5E-8UEAPk-8UHaRw-8UHxLw-8UE9kn-8UGWDu-9Ayt3P-8vaugA-ebrkXR-2wYg24-6xPS6A-dq2Vpg-7SdMt5-7yaFtC-7gMSgP-mTko4P-zicj2-5VwDKN-LGbUp-9iX1tG-7vbTi7
Arjun Kapoor,https://unsplash.com/photos/oqLnHkvny3U
